{
  "IcoMoonType": "selection",
  "icons": [
    {
      "icon": {
        "paths": [
          "M0 1024h512v-1024h-512v1024zM320 128h128v128h-128v-128zM320 384h128v128h-128v-128zM320 640h128v128h-128v-128zM64 128h128v128h-128v-128zM64 384h128v128h-128v-128zM64 640h128v128h-128v-128zM576 320h448v64h-448zM576 1024h128v-256h192v256h128v-576h-448z"
        ],
        "tags": [
          "office",
          "buildings",
          "work"
        ],
        "defaultCode": 59651,
        "grid": 16,
        "attrs": []
      },
      "attrs": [],
      "properties": {
        "ligatures": "office, buildings",
        "name": "office",
        "order": 4,
        "id": 4,
        "prevSize": 32,
        "code": 59651
      },
      "setIdx": 0,
      "setId": 1,
      "iconIdx": 3
    },
    {
      "icon": {
        "paths": [
          "M704 640c-64 64-64 128-128 128s-128-64-192-128-128-128-128-192 64-64 128-128-128-256-192-256-192 192-192 192c0 128 131.5 387.5 256 512s384 256 512 256c0 0 192-128 192-192s-192-256-256-192z"
        ],
        "tags": [
          "phone",
          "telephone",
          "contact",
          "support",
          "call"
        ],
        "defaultCode": 59714,
        "grid": 16,
        "attrs": []
      },
      "attrs": [],
      "properties": {
        "ligatures": "phone, telephone",
        "name": "phone",
        "order": 6,
        "id": 67,
        "prevSize": 32,
        "code": 59714
      },
      "setIdx": 0,
      "setId": 1,
      "iconIdx": 66
    },
    {
      "icon": {
        "paths": [
          "M928 128h-832c-52.8 0-96 43.2-96 96v640c0 52.8 43.2 96 96 96h832c52.8 0 96-43.2 96-96v-640c0-52.8-43.2-96-96-96zM398.74 550.372l-270.74 210.892v-501.642l270.74 290.75zM176.38 256h671.24l-335.62 252-335.62-252zM409.288 561.698l102.712 110.302 102.71-110.302 210.554 270.302h-626.528l210.552-270.302zM625.26 550.372l270.74-290.75v501.642l-270.74-210.892z"
        ],
        "tags": [
          "envelop",
          "mail",
          "email",
          "contact",
          "letter"
        ],
        "defaultCode": 59717,
        "grid": 16,
        "attrs": []
      },
      "attrs": [],
      "properties": {
        "ligatures": "envelop, mail",
        "name": "mail",
        "order": 5,
        "id": 70,
        "prevSize": 32,
        "code": 59717
      },
      "setIdx": 0,
      "setId": 1,
      "iconIdx": 69
    },
    {
      "icon": {
        "paths": [
          "M512 0c-176.732 0-320 143.268-320 320 0 320 320 704 320 704s320-384 320-704c0-176.732-143.27-320-320-320zM512 512c-106.040 0-192-85.96-192-192s85.96-192 192-192 192 85.96 192 192-85.96 192-192 192z"
        ],
        "tags": [
          "location",
          "map-marker",
          "pin"
        ],
        "defaultCode": 59719,
        "grid": 16,
        "attrs": []
      },
      "attrs": [],
      "properties": {
        "ligatures": "location, map-marker",
        "name": "location",
        "order": 2,
        "id": 72,
        "prevSize": 32,
        "code": 59719
      },
      "setIdx": 0,
      "setId": 1,
      "iconIdx": 71
    },
    {
      "icon": {
        "paths": [
          "M320 384h128v128h-128zM512 384h128v128h-128zM704 384h128v128h-128zM128 768h128v128h-128zM320 768h128v128h-128zM512 768h128v128h-128zM320 576h128v128h-128zM512 576h128v128h-128zM704 576h128v128h-128zM128 576h128v128h-128zM832 0v64h-128v-64h-448v64h-128v-64h-128v1024h960v-1024h-128zM896 960h-832v-704h832v704z"
        ],
        "tags": [
          "calendar",
          "date",
          "schedule",
          "time",
          "day"
        ],
        "defaultCode": 59731,
        "grid": 16,
        "attrs": []
      },
      "attrs": [],
      "properties": {
        "ligatures": "calendar, date",
        "name": "calendar",
        "order": 3,
        "id": 84,
        "prevSize": 32,
        "code": 59731
      },
      "setIdx": 0,
      "setId": 1,
      "iconIdx": 83
    }
  ],
  "height": 1024,
  "metadata": {
    "name": "chameleon"
  },
  "preferences": {
    "showGlyphs": true,
    "showQuickUse": true,
    "showQuickUse2": true,
    "showSVGs": true,
    "fontPref": {
      "prefix": "cs-",
      "metadata": {
        "fontFamily": "chameleon",
        "majorVersion": 1,
        "minorVersion": 0
      },
      "metrics": {
        "emSize": 1024,
        "baseline": 6.25,
        "whitespace": 50
      },
      "embed": false,
      "noie8": true,
      "ie7": false,
      "cssVars": true,
      "cssVarsFormat": "scss",
      "showSelector": false,
      "selector": "",
      "classSelector": ".icon",
      "showMetadata": false,
      "showVersion": false
    },
    "imagePref": {
      "prefix": "icon-",
      "png": true,
      "useClassSelector": true,
      "color": 0,
      "bgColor": 16777215,
      "classSelector": ".icon"
    },
    "historySize": 50,
    "showCodes": true,
    "gridSize": 16
  }
}